Vertex_id,Connected_id,pagerank_score,triangle_count,strong_conn_comp
10,10,1.617229329338826,1,10
20,10,1.862052953709926,1,10
30,10,1.7297158594552773,1,10
40,10,0.15569069912311598,0,40
50,10,0.2880277933777645,0,50
60,10,0.4005143234942158,0,60
70,70,0.9822563471669581,1,70
80,70,0.9822563471669581,1,70
90,70,0.9822563471669581,1,70
